periodo,unidad_id,area_id,costo_ordinario,costo_horas_extra,costo_prestaciones,horas_ordinarias,horas_extra,presupuesto_costo_laboral,toneladas_movidas
2024-08,U01,A01,10672258.0,1926716.0,3771261.0,82560.0,7549.6,16480713.0,513076.2
2024-08,U01,A03,3382407.0,568202.0,1286574.0,28800.0,2435.2,5288190.0,222094.5
2024-08,U01,A04,4685389.0,803174.0,1552270.0,34944.0,3011.9,7096639.0,0.0
2024-08,U01,A05,929583.0,139214.0,345352.0,5984.0,489.5,1432542.0,0.0
2024-08,U01,A06,1614210.0,262671.0,536622.0,8272.0,730.9,2436742.0,0.0
2024-08,U02,A02,9786018.0,1055069.0,3804490.0,71232.0,3779.4,14961731.0,452195.6
2024-08,U02,A03,3655374.0,422417.0,1391069.0,32256.0,1810.4,5577674.0,248337.2
2024-08,U02,A04,4262866.0,530893.0,1515241.0,32256.0,1990.9,6420365.0,0.0
2024-08,U02,A05,811772.0,78864.0,282007.0,5104.0,277.3,1199781.0,0.0
2024-08,U02,A06,1375329.0,150947.0,469292.0,7040.0,420.0,2036311.0,0.0
2024-08,U03,A02,12455577.0,1904663.0,4560490.0,88896.0,6822.7,19153147.0,575912.1
2024-08,U03,A03,4761935.0,590864.0,1578389.0,40512.0,2532.3,7051060.0,305038.9
2024-08,U03,A04,5441145.0,726326.0,2033798.0,40704.0,2723.7,8334270.0,0.0
2024-08,U03,A05,998562.0,111974.0,381329.0,6512.0,393.8,1522608.0,0.0
2024-08,U03,A06,1818106.0,200271.0,601061.0,9152.0,557.3,2672224.0,0.0
2024-08,U04,A03,6697473.0,510626.0,2586070.0,56064.0,2188.4,10068953.0,441816.2
2024-08,U04,A04,3270508.0,318399.0,1125821.0,25152.0,1194.0,4823411.0,0.0
2024-08,U04,A05,559382.0,44148.0,214328.0,3696.0,155.2,840314.0,0.0
2024-08,U04,A06,1148599.0,106745.0,416355.0,5808.0,297.0,1712234.0,0.0
2024-08,U05,A05,296135.0,18325.0,105801.0,1936.0,64.4,433217.0,0.0
2024-08,U05,A06,3332762.0,183706.0,1187924.0,16720.0,511.2,4856386.0,0.0
2024-09,U01,A01,10415437.0,1549931.0,3774784.0,81216.0,6051.4,15944731.0,493980.9
2024-09,U01,A03,3500467.0,535367.0,1241805.0,29568.0,2286.2,5341139.0,226069.0
2024-09,U01,A04,4947859.0,860608.0,1857445.0,36096.0,3215.7,7731179.0,0.0
2024-09,U01,A05,904105.0,143186.0,325655.0,5984.0,501.7,1388194.0,0.0
2024-09,U01,A06,1616821.0,281032.0,588571.0,8272.0,779.2,2506977.0,0.0
2024-09,U02,A02,10448201.0,1262635.0,3488879.0,73920.0,4506.6,15473345.0,444864.8
2024-09,U02,A03,3807675.0,475833.0,1272315.0,32640.0,2032.0,5651190.0,269419.6
2024-09,U02,A04,4511135.0,475094.0,1554984.0,33792.0,1775.2,6681163.0,0.0
2024-09,U02,A05,770874.0,87162.0,256747.0,5104.0,305.4,1136620.0,0.0
2024-09,U02,A06,1380770.0,170233.0,492758.0,7216.0,472.0,2080404.0,0.0
2024-09,U03,A02,12110304.0,2166555.0,4000789.0,88128.0,7732.9,18396012.0,521902.0
2024-09,U03,A03,4555181.0,645719.0,1747100.0,39168.0,2757.4,7050801.0,310030.2
2024-09,U03,A04,5472068.0,928417.0,1944727.0,41856.0,3469.0,8419010.0,0.0
2024-09,U03,A05,1045823.0,156559.0,366379.0,6688.0,548.6,1588473.0,0.0
2024-09,U03,A06,1834708.0,287871.0,643906.0,9328.0,798.2,2797419.0,0.0
2024-09,U04,A03,6809977.0,701833.0,2397156.0,57024.0,2997.0,10126775.0,465895.4
2024-09,U04,A04,3278429.0,307671.0,1105473.0,24768.0,1149.6,4802701.0,0.0
2024-09,U04,A05,562445.0,44840.0,202067.0,3696.0,157.1,831199.0,0.0
2024-09,U04,A06,1133470.0,116201.0,380877.0,5808.0,322.2,1666157.0,0.0
2024-09,U05,A05,307957.0,20238.0,102073.0,1936.0,70.9,443053.0,0.0
2024-09,U05,A06,3320465.0,174198.0,1176739.0,16896.0,483.0,4825001.0,0.0
2024-10,U01,A01,9960424.0,1778183.0,3798820.0,79872.0,6917.6,15658703.0,497466.3
2024-10,U01,A03,3460395.0,587612.0,1317568.0,28800.0,2500.3,5416053.0,234949.4
2024-10,U01,A04,4791844.0,764121.0,1697049.0,35712.0,2844.9,7331061.0,0.0
2024-10,U01,A05,905099.0,130857.0,325306.0,5808.0,456.9,1379990.0,0.0
2024-10,U01,A06,1654379.0,285325.0,603737.0,8624.0,788.3,2565166.0,0.0
2024-10,U02,A02,10587987.0,1141884.0,3614389.0,76224.0,4061.0,15663640.0,475474.4
2024-10,U02,A03,3606525.0,417638.0,1402224.0,31488.0,1777.1,5534842.0,260712.4
2024-10,U02,A04,4682469.0,603001.0,1812035.0,33984.0,2245.0,7220917.0,0.0
2024-10,U02,A05,800315.0,96955.0,272390.0,5280.0,338.5,1190785.0,0.0
2024-10,U02,A06,1422197.0,166102.0,523936.0,7216.0,458.9,2153302.0,0.0
2024-10,U03,A02,12127241.0,1903327.0,4253236.0,87168.0,6769.0,18487993.0,569264.4
2024-10,U03,A03,4579857.0,644119.0,1731598.0,40128.0,2740.7,7059236.0,338009.2
2024-10,U03,A04,5494488.0,897854.0,1995635.0,41088.0,3342.8,8473633.0,0.0
2024-10,U03,A05,1047392.0,133162.0,377006.0,6688.0,464.9,1584373.0,0.0
2024-10,U03,A06,1799923.0,265479.0,686249.0,9152.0,733.4,2789195.0,0.0
2024-10,U04,A03,6877054.0,636983.0,2324663.0,56832.0,2710.4,10074422.0,431745.1
2024-10,U04,A04,3493207.0,332127.0,1218071.0,25536.0,1236.6,5162417.0,0.0
2024-10,U04,A05,616649.0,61711.0,237652.0,3872.0,215.4,937177.0,0.0
2024-10,U04,A06,1197627.0,114817.0,431355.0,5984.0,317.2,1784955.0,0.0
2024-10,U05,A05,336324.0,21294.0,113925.0,2112.0,74.3,485842.0,0.0
2024-10,U05,A06,3383347.0,225342.0,1149899.0,16720.0,622.5,4899489.0,0.0
2024-11,U01,A01,10976479.0,1473689.0,3748300.0,84672.0,5712.6,16448449.0,525583.5
2024-11,U01,A03,3489633.0,593899.0,1205420.0,29376.0,2518.0,5333937.0,242564.4
2024-11,U01,A04,5060027.0,871080.0,1941498.0,36864.0,3231.6,7943772.0,0.0
2024-11,U01,A05,930381.0,127119.0,338841.0,5984.0,442.2,1417863.0,0.0
2024-11,U01,A06,1672446.0,275185.0,631851.0,8448.0,757.5,2606123.0,0.0
2024-11,U02,A02,10651090.0,986724.0,3579111.0,73920.0,3496.7,15581002.0,456366.7
2024-11,U02,A03,3882064.0,404525.0,1301595.0,32448.0,1715.1,5708182.0,247704.2
2024-11,U02,A04,4428163.0,454943.0,1582239.0,32640.0,1687.8,6608428.0,0.0
2024-11,U02,A05,854758.0,88362.0,288379.0,5456.0,307.4,1258199.0,0.0
2024-11,U02,A06,1444041.0,155404.0,495956.0,7392.0,427.8,2139188.0,0.0
2024-11,U03,A02,12271235.0,1741094.0,4077741.0,89280.0,6170.0,18338267.0,572241.4
2024-11,U03,A03,4733647.0,655991.0,1572510.0,39936.0,2781.3,7062248.0,335987.7
2024-11,U03,A04,5733306.0,704031.0,2114824.0,41664.0,2611.8,8708199.0,0.0
2024-11,U03,A05,1072177.0,140054.0,412928.0,6688.0,487.2,1652773.0,0.0
2024-11,U03,A06,1860286.0,237771.0,648633.0,9328.0,654.5,2793014.0,0.0
2024-11,U04,A03,6590466.0,574239.0,2290468.0,57408.0,2434.7,9694028.0,440934.6
2024-11,U04,A04,3372942.0,316179.0,1135923.0,25728.0,1173.0,4939414.0,0.0
2024-11,U04,A05,594073.0,56447.0,229704.0,3872.0,196.4,901489.0,0.0
2024-11,U04,A06,1216357.0,90070.0,415769.0,5984.0,247.9,1770423.0,0.0
2024-11,U05,A05,322324.0,18829.0,111145.0,2112.0,65.5,466532.0,0.0
2024-11,U05,A06,3531648.0,168231.0,1362006.0,17424.0,463.1,5234995.0,0.0
2024-12,U01,A01,10507452.0,1618790.0,3548950.0,81984.0,6252.8,15854469.0,502439.0
2024-12,U01,A03,3386965.0,450427.0,1228180.0,29184.0,1902.9,5147134.0,241535.4
2024-12,U01,A04,5097440.0,692023.0,1828907.0,37056.0,2558.2,7736290.0,0.0
2024-12,U01,A05,949914.0,104357.0,332104.0,6160.0,361.7,1414846.0,0.0
2024-12,U01,A06,1716108.0,254055.0,619042.0,8800.0,696.9,2623151.0,0.0
2024-12,U02,A02,10577761.0,1193178.0,3744049.0,76032.0,4213.3,15825380.0,483298.9
2024-12,U02,A03,3830476.0,336708.0,1479149.0,32064.0,1422.5,5790987.0,239889.4
2024-12,U02,A04,4651727.0,423190.0,1670329.0,33600.0,1564.4,6911245.0,0.0
2024-12,U02,A05,845774.0,83424.0,283211.0,5456.0,289.2,1239855.0,0.0
2024-12,U02,A06,1422917.0,115393.0,552783.0,7216.0,316.5,2147690.0,0.0
2024-12,U03,A02,12121328.0,1411671.0,4680033.0,86784.0,4984.8,18573825.0,552035.9
2024-12,U03,A03,4865053.0,527066.0,1609227.0,39936.0,2226.7,7145110.0,299710.7
2024-12,U03,A04,5566237.0,699243.0,2053678.0,40320.0,2584.9,8466266.0,0.0
2024-12,U03,A05,1035282.0,129612.0,370747.0,6512.0,449.3,1562622.0,0.0
2024-12,U03,A06,1860238.0,236574.0,708737.0,9504.0,648.9,2854912.0,0.0
2024-12,U04,A03,6813789.0,467613.0,2277798.0,58176.0,1975.5,9837390.0,439310.6
2024-12,U04,A04,3544492.0,316717.0,1276132.0,25728.0,1170.8,5265589.0,0.0
2024-12,U04,A05,614482.0,38844.0,233940.0,3872.0,134.7,914569.0,0.0
2024-12,U04,A06,1178740.0,96611.0,427351.0,5984.0,265.0,1747924.0,0.0
2024-12,U05,A05,339659.0,14474.0,127855.0,2112.0,50.2,498973.0,0.0
2024-12,U05,A06,3484555.0,166318.0,1295264.0,17072.0,456.2,5114660.0,0.0
2025-01,U01,A01,10223678.0,1051468.0,3530633.0,80064.0,4047.0,15130312.0,462360.7
2025-01,U01,A03,3296196.0,446866.0,1175443.0,28608.0,1881.2,4994606.0,214214.5
2025-01,U01,A04,5028069.0,607630.0,1667615.0,36096.0,2238.2,7434484.0,0.0
2025-01,U01,A05,916866.0,91984.0,337646.0,5808.0,317.7,1377194.0,0.0
2025-01,U01,A06,1791443.0,204278.0,642320.0,8800.0,558.3,2690362.0,0.0
2025-01,U02,A02,10522418.0,824357.0,3814169.0,75264.0,2900.6,15575270.0,450667.2
2025-01,U02,A03,3911860.0,344466.0,1501528.0,32832.0,1450.1,5905006.0,256865.1
2025-01,U02,A04,4379470.0,329635.0,1495875.0,32256.0,1214.2,6377072.0,0.0
2025-01,U02,A05,845890.0,68644.0,317309.0,5280.0,237.1,1264967.0,0.0
2025-01,U02,A06,1448654.0,102782.0,507124.0,7392.0,280.9,2117791.0,0.0
2025-01,U03,A02,12634430.0,1327239.0,4309952.0,88512.0,4670.0,18662490.0,545863.8
2025-01,U03,A03,4686639.0,568895.0,1814774.0,39360.0,2394.9,7203582.0,297404.5
2025-01,U03,A04,5460915.0,641815.0,1906941.0,40320.0,2364.1,8161516.0,0.0
2025-01,U03,A05,1083687.0,98730.0,398054.0,6864.0,341.0,1619505.0,0.0
2025-01,U03,A06,1868414.0,204565.0,724959.0,9504.0,559.1,2857361.0,0.0
2025-01,U04,A03,6742316.0,491711.0,2421987.0,56832.0,2070.0,9930729.0,440482.0
2025-01,U04,A04,3393286.0,253061.0,1314873.0,25152.0,932.2,5102230.0,0.0
2025-01,U04,A05,600312.0,34103.0,201017.0,3872.0,117.8,861944.0,0.0
2025-01,U04,A06,1140469.0,65760.0,434831.0,5632.0,179.7,1693536.0,0.0
2025-01,U05,A05,335438.0,16134.0,116298.0,2112.0,55.7,483680.0,0.0
2025-01,U05,A06,3373305.0,145314.0,1221799.0,16720.0,397.2,4906509.0,0.0
2025-02,U01,A01,10688501.0,1181699.0,4094258.0,84096.0,4532.2,16298806.0,539875.3
2025-02,U01,A03,3403115.0,386498.0,1171143.0,28416.0,1621.3,5058378.0,232707.8
2025-02,U01,A04,5055655.0,559686.0,1901495.0,36864.0,2054.3,7673195.0,0.0
2025-02,U01,A05,940702.0,80360.0,337956.0,5984.0,276.6,1394057.0,0.0
2025-02,U01,A06,1725787.0,157396.0,653205.0,8624.0,428.7,2599372.0,0.0
2025-02,U02,A02,10829820.0,739551.0,4156573.0,74496.0,2593.0,16193257.0,474662.9
2025-02,U02,A03,3957580.0,308585.0,1455470.0,32448.0,1294.5,5878819.0,246383.6
2025-02,U02,A04,4553011.0,378780.0,1714931.0,33600.0,1390.3,6822720.0,0.0
2025-02,U02,A05,830629.0,46366.0,298459.0,5104.0,159.6,1213281.0,0.0
2025-02,U02,A06,1379155.0,103526.0,515203.0,7040.0,282.0,2054144.0,0.0
2025-02,U03,A02,12954746.0,1009288.0,4860998.0,88704.0,3538.7,19344140.0,562480.8
2025-02,U03,A03,4805062.0,496796.0,1855515.0,40896.0,2084.0,7317996.0,350126.1
2025-02,U03,A04,5763461.0,534917.0,2025256.0,41664.0,1963.4,8524350.0,0.0
2025-02,U03,A05,1088513.0,93024.0,415461.0,6688.0,320.2,1638631.0,0.0
2025-02,U03,A06,1771461.0,169559.0,644247.0,8976.0,461.8,2646496.0,0.0
2025-02,U04,A03,6869614.0,457717.0,2660331.0,58944.0,1920.1,10288348.0,489619.2
2025-02,U04,A04,3552930.0,235224.0,1181702.0,25920.0,863.4,5117052.0,0.0
2025-02,U04,A05,610716.0,36824.0,217158.0,3872.0,126.7,891641.0,0.0
2025-02,U04,A06,1128698.0,52994.0,416668.0,5632.0,144.3,1653063.0,0.0
2025-02,U05,A05,342389.0,12700.0,130072.0,2112.0,43.7,502866.0,0.0
2025-02,U05,A06,3487193.0,117985.0,1205347.0,17600.0,321.3,4988654.0,0.0
2025-03,U01,A01,10825275.0,926563.0,3737368.0,82944.0,3541.2,15885088.0,503532.8
2025-03,U01,A03,3514859.0,321332.0,1235461.0,29184.0,1343.2,5195443.0,246160.8
2025-03,U01,A04,4751754.0,452767.0,1757056.0,35712.0,1656.0,7127699.0,0.0
2025-03,U01,A05,969148.0,94819.0,343295.0,5984.0,325.2,1439773.0,0.0
2025-03,U01,A06,1677184.0,154722.0,604456.0,8272.0,419.9,2495714.0,0.0
2025-03,U02,A02,10355253.0,647093.0,3798928.0,72000.0,2260.8,15257027.0,475564.8
2025-03,U02,A03,3830922.0,231550.0,1459453.0,32064.0,967.9,5695158.0,260477.2
2025-03,U02,A04,4539597.0,329599.0,1698028.0,33024.0,1205.5,6755630.0,0.0
2025-03,U02,A05,815076.0,45440.0,278292.0,5104.0,155.9,1175287.0,0.0
2025-03,U02,A06,1490188.0,78905.0,551357.0,7216.0,214.2,2190226.0,0.0
2025-03,U03,A02,12510857.0,902323.0,4639174.0,85632.0,3152.6,18571455.0,539622.6
2025-03,U03,A03,4674118.0,420795.0,1775672.0,38976.0,1759.0,7043003.0,309959.3
2025-03,U03,A04,5363413.0,407994.0,1908317.0,39744.0,1492.3,7892714.0,0.0
2025-03,U03,A05,1074914.0,74885.0,359812.0,6688.0,256.8,1553206.0,0.0
2025-03,U03,A06,1853577.0,128582.0,659534.0,8976.0,349.0,2718779.0,0.0
2025-03,U04,A03,7131222.0,363072.0,2545452.0,58560.0,1517.7,10373536.0,460209.6
2025-03,U04,A04,3588936.0,174388.0,1298367.0,25728.0,637.8,5232791.0,0.0
2025-03,U04,A05,605012.0,30360.0,217163.0,3872.0,104.1,881032.0,0.0
2025-03,U04,A06,1188196.0,58172.0,445319.0,5808.0,157.9,1748907.0,0.0
2025-03,U05,A05,327558.0,12760.0,112815.0,2112.0,43.8,469377.0,0.0
2025-03,U05,A06,3525757.0,114158.0,1329672.0,17424.0,309.8,5156116.0,0.0
2025-04,U01,A01,10500796.0,989202.0,3567701.0,80832.0,3767.3,15413804.0,477273.5
2025-04,U01,A03,3497527.0,294355.0,1205248.0,28416.0,1226.1,5126335.0,217794.3
2025-04,U01,A04,4883622.0,498035.0,1818814.0,35136.0,1815.2,7362631.0,0.0
2025-04,U01,A05,940984.0,74561.0,319204.0,5984.0,254.8,1370580.0,0.0
2025-04,U01,A06,1658897.0,148479.0,630372.0,8272.0,401.6,2499192.0,0.0
2025-04,U02,A02,10813769.0,758207.0,3785043.0,73920.0,2639.8,15801668.0,477199.2
2025-04,U02,A03,3867581.0,245904.0,1451726.0,31680.0,1024.3,5735726.0,263657.6
2025-04,U02,A04,4463847.0,344664.0,1535235.0,33024.0,1256.2,6517200.0,0.0
2025-04,U02,A05,853747.0,50635.0,313566.0,5280.0,173.1,1256300.0,0.0
2025-04,U02,A06,1398282.0,84608.0,499556.0,7040.0,228.8,2044158.0,0.0
2025-04,U03,A02,12285939.0,1035713.0,4735665.0,87744.0,3605.9,18533289.0,558858.2
2025-04,U03,A03,4977320.0,393169.0,1889326.0,40512.0,1637.7,7458727.0,313423.5
2025-04,U03,A04,5675124.0,537166.0,2149744.0,40704.0,1957.9,8563747.0,0.0
2025-04,U03,A05,1089438.0,87516.0,373977.0,6688.0,299.1,1592281.0,0.0
2025-04,U03,A06,1797830.0,155372.0,640979.0,8976.0,420.2,2660423.0,0.0
2025-04,U04,A03,6903874.0,457092.0,2413969.0,58560.0,1904.0,10066252.0,492018.5
2025-04,U04,A04,3383856.0,181077.0,1119336.0,24960.0,660.0,4836212.0,0.0
2025-04,U04,A05,609240.0,36172.0,213939.0,3872.0,123.6,886265.0,0.0
2025-04,U04,A06,1148277.0,52446.0,442177.0,5632.0,141.8,1699785.0,0.0
2025-04,U05,A05,315139.0,11611.0,105700.0,1936.0,39.7,448136.0,0.0
2025-04,U05,A06,3479078.0,114563.0,1337553.0,17248.0,309.8,5115865.0,0.0
2025-05,U01,A01,10534981.0,1352732.0,4018782.0,81984.0,5133.8,16182649.0,541045.4
2025-05,U01,A03,3527001.0,432288.0,1251680.0,28800.0,1794.4,5304969.0,227966.7
2025-05,U01,A04,4859974.0,617837.0,1662101.0,35712.0,2244.0,7260411.0,0.0
2025-05,U01,A05,941915.0,108603.0,330058.0,5984.0,369.9,1407405.0,0.0
2025-05,U01,A06,1678302.0,143125.0,635751.0,8272.0,385.7,2521235.0,0.0
2025-05,U02,A02,10671646.0,717579.0,3821991.0,74496.0,2489.6,15662508.0,478043.4
2025-05,U02,A03,3753365.0,333433.0,1304942.0,32064.0,1384.0,5526003.0,259313.5
2025-05,U02,A04,4394490.0,308110.0,1650876.0,32064.0,1119.1,6539246.0,0.0
2025-05,U02,A05,821474.0,58087.0,320267.0,5104.0,197.8,1234943.0,0.0
2025-05,U02,A06,1540114.0,104616.0,549902.0,7392.0,281.9,2259390.0,0.0
2025-05,U03,A02,12738862.0,1109557.0,4738045.0,85824.0,3849.5,19062248.0,522504.4
2025-05,U03,A03,4799074.0,516568.0,1583998.0,39360.0,2144.2,7042240.0,316485.8
2025-05,U03,A04,5716511.0,583804.0,2063598.0,40896.0,2120.4,8550553.0,0.0
2025-05,U03,A05,1026825.0,90610.0,398738.0,6512.0,308.6,1554953.0,0.0
2025-05,U03,A06,1772745.0,178558.0,618702.0,8976.0,481.2,2627624.0,0.0
2025-05,U04,A03,6922633.0,482236.0,2616042.0,57024.0,2001.7,10315126.0,464880.6
2025-05,U04,A04,3504439.0,250249.0,1282377.0,25152.0,908.9,5182402.0,0.0
2025-05,U04,A05,637236.0,38794.0,216238.0,3872.0,132.1,919812.0,0.0
2025-05,U04,A06,1161942.0,67590.0,415119.0,5632.0,182.2,1696694.0,0.0
2025-05,U05,A05,310785.0,12867.0,108463.0,1936.0,43.8,447378.0,0.0
2025-05,U05,A06,3562047.0,145277.0,1179985.0,17424.0,391.5,5060023.0,0.0
2025-06,U01,A01,10738246.0,1468194.0,3642582.0,79872.0,5552.5,16085065.0,524578.0
2025-06,U01,A03,3480841.0,501009.0,1303491.0,28416.0,2072.4,5360354.0,223580.0
2025-06,U01,A04,4949902.0,724273.0,1923647.0,36480.0,2621.4,7704335.0,0.0
2025-06,U01,A05,951270.0,130460.0,346750.0,5984.0,442.8,1450362.0,0.0
2025-06,U01,A06,1729267.0,199349.0,621665.0,8624.0,535.4,2600255.0,0.0
2025-06,U02,A02,10799912.0,928441.0,3682494.0,75456.0,3209.9,15802591.0,448621.9
2025-06,U02,A03,3742421.0,363914.0,1239646.0,31488.0,1505.3,5468278.0,263634.7
2025-06,U02,A04,4541228.0,467195.0,1620429.0,32256.0,1691.0,6775313.0,0.0
2025-06,U02,A05,897379.0,85858.0,327982.0,5456.0,291.4,1342320.0,0.0
2025-06,U02,A06,1473049.0,139747.0,538258.0,7392.0,375.3,2202434.0,0.0
2025-06,U03,A02,13236583.0,1609538.0,4496776.0,89472.0,5564.7,19690227.0,521933.7
2025-06,U03,A03,4892330.0,641683.0,1707962.0,39360.0,2654.3,7359317.0,339217.8
2025-06,U03,A04,5770479.0,650845.0,1905608.0,41664.0,2355.7,8490119.0,0.0
2025-06,U03,A05,1092113.0,126009.0,364988.0,6688.0,427.7,1613397.0,0.0
2025-06,U03,A06,1906001.0,177869.0,705726.0,9152.0,477.7,2857320.0,0.0
2025-06,U04,A03,7099985.0,607936.0,2385370.0,57984.0,2514.7,10349910.0,448570.9
2025-06,U04,A04,3518696.0,254751.0,1333787.0,24768.0,922.0,5254266.0,0.0
2025-06,U04,A05,610195.0,39935.0,206510.0,3696.0,135.5,882210.0,0.0
2025-06,U04,A06,1210370.0,78442.0,470724.0,5984.0,210.7,1813221.0,0.0
2025-06,U05,A05,341297.0,17183.0,116158.0,2112.0,58.3,490413.0,0.0
2025-06,U05,A06,3395391.0,135027.0,1135030.0,16896.0,362.6,4831509.0,0.0
2025-07,U01,A01,11006928.0,1678351.0,4154028.0,83328.0,6325.3,17051611.0,503205.1
2025-07,U01,A03,3640006.0,621349.0,1238904.0,30144.0,2561.3,5545832.0,238877.0
2025-07,U01,A04,4989028.0,799778.0,1830177.0,36096.0,2884.7,7701909.0,0.0
2025-07,U01,A05,1007042.0,146594.0,340410.0,6160.0,495.8,1513635.0,0.0
2025-07,U01,A06,1682661.0,278668.0,633234.0,8448.0,745.8,2620751.0,0.0
2025-07,U02,A02,10899519.0,1260860.0,3992979.0,75456.0,4344.1,16470479.0,503897.9
2025-07,U02,A03,3951470.0,410261.0,1524480.0,31680.0,1691.1,6017756.0,262952.2
2025-07,U02,A04,4683238.0,435306.0,1608575.0,33408.0,1570.1,6888365.0,0.0
2025-07,U02,A05,858307.0,83276.0,290997.0,5280.0,281.7,1260982.0,0.0
2025-07,U02,A06,1511546.0,133190.0,504682.0,7392.0,356.5,2202856.0,0.0
2025-07,U03,A02,12201487.0,1740131.0,4350783.0,86400.0,5995.3,18550017.0,579140.0
2025-07,U03,A03,4908132.0,622027.0,1668788.0,41088.0,2564.0,7320741.0,347526.7
2025-07,U03,A04,5649881.0,857025.0,1881056.0,41088.0,3091.1,8486888.0,0.0
2025-07,U03,A05,1068828.0,157328.0,405047.0,6688.0,532.1,1653476.0,0.0
2025-07,U03,A06,1921056.0,257354.0,642320.0,9328.0,688.8,2864023.0,0.0
2025-07,U04,A03,6643439.0,566369.0,2468066.0,56256.0,2334.6,9929309.0,460422.7
2025-07,U04,A04,3537127.0,311389.0,1172867.0,24960.0,1123.1,5146144.0,0.0
2025-07,U04,A05,632177.0,57006.0,226049.0,3872.0,192.8,937891.0,0.0
2025-07,U04,A06,1184414.0,100216.0,438900.0,5808.0,268.2,1768519.0,0.0
2025-07,U05,A05,344001.0,16722.0,127303.0,2112.0,56.6,504552.0,0.0
2025-07,U05,A06,3450613.0,207405.0,1246041.0,16896.0,555.1,5057335.0,0.0
2025-08,U01,A01,11121262.0,1785694.0,3747012.0,81984.0,6706.6,16823046.0,513709.2
2025-08,U01,A03,3729961.0,593754.0,1260368.0,30336.0,2439.0,5642397.0,250616.1
2025-08,U01,A04,5066299.0,887189.0,1864004.0,35904.0,3188.9,7880942.0,0.0
2025-08,U01,A05,994901.0,148320.0,345721.0,5984.0,499.9,1507740.0,0.0
2025-08,U01,A06,1766326.0,314344.0,588520.0,8624.0,838.4,2687141.0,0.0
2025-08,U02,A02,11129018.0,1356999.0,3710687.0,75648.0,4659.1,16484531.0,448258.1
2025-08,U02,A03,3860727.0,485343.0,1463809.0,32640.0,1993.7,5913587.0,270403.7
2025-08,U02,A04,4767349.0,564356.0,1578620.0,33600.0,2028.5,7037874.0,0.0
2025-08,U02,A05,847725.0,103068.0,304119.0,5280.0,347.4,1277886.0,0.0
2025-08,U02,A06,1467273.0,148282.0,507567.0,7392.0,395.5,2170472.0,0.0
2025-08,U03,A02,13045368.0,2148001.0,5006651.0,88896.0,7375.0,20410921.0,541895.3
2025-08,U03,A03,4863324.0,840807.0,1802737.0,40128.0,3453.9,7571415.0,310266.5
2025-08,U03,A04,5955264.0,1015529.0,2245480.0,42624.0,3650.2,9300958.0,0.0
2025-08,U03,A05,1097365.0,136162.0,404563.0,6688.0,458.9,1667552.0,0.0
2025-08,U03,A06,1972276.0,258760.0,751380.0,9504.0,690.1,3032527.0,0.0
2025-08,U04,A03,6952378.0,715164.0,2680558.0,58368.0,2937.8,10581337.0,441738.5
2025-08,U04,A04,3628724.0,349133.0,1358580.0,25920.0,1254.9,5463108.0,0.0
2025-08,U04,A05,614358.0,50713.0,205727.0,3872.0,170.9,893503.0,0.0
2025-08,U04,A06,1260318.0,115983.0,486735.0,5984.0,309.3,1909178.0,0.0
2025-08,U05,A05,331818.0,20125.0,126429.0,2112.0,67.8,493358.0,0.0
2025-08,U05,A06,3504764.0,222549.0,1228006.0,17248.0,593.6,5105980.0,0.0
2025-09,U01,A01,11524527.0,2018921.0,3814971.0,84480.0,7556.4,17483398.0,556002.9
2025-09,U01,A03,3624721.0,570057.0,1356397.0,29760.0,2333.6,5615710.0,257829.5
2025-09,U01,A04,5181314.0,841939.0,1998458.0,36672.0,3015.8,8109057.0,0.0
2025-09,U01,A05,998462.0,147457.0,368069.0,5984.0,495.3,1534193.0,0.0
2025-09,U01,A06,1730961.0,319753.0,638816.0,8624.0,849.9,2706639.0,0.0
2025-09,U02,A02,10799157.0,1378259.0,3735119.0,75840.0,4715.8,16180664.0,511295.3
2025-09,U02,A03,4143961.0,584716.0,1609598.0,33024.0,2393.6,6433464.0,262272.2
2025-09,U02,A04,4795092.0,688554.0,1805297.0,34752.0,2466.4,7393165.0,0.0
2025-09,U02,A05,848912.0,88761.0,292038.0,5280.0,298.1,1256200.0,0.0
2025-09,U02,A06,1538038.0,181950.0,582095.0,7392.0,483.6,2346543.0,0.0
2025-09,U03,A02,13267055.0,1993152.0,4648468.0,89088.0,6819.7,20156791.0,576241.2
2025-09,U03,A03,5059511.0,819897.0,1850019.0,40512.0,3356.4,7810785.0,328931.4
2025-09,U03,A04,6009900.0,846381.0,2089095.0,41856.0,3031.7,9072844.0,0.0
2025-09,U03,A05,1090074.0,185691.0,393143.0,6864.0,623.7,1683660.0,0.0
2025-09,U03,A06,1895876.0,272461.0,699795.0,9328.0,724.2,2908647.0,0.0
2025-09,U04,A03,7318158.0,752660.0,2743240.0,60288.0,3081.1,11056076.0,458812.2
2025-09,U04,A04,3432122.0,369714.0,1212872.0,25344.0,1324.3,5120213.0,0.0
2025-09,U04,A05,613950.0,62515.0,231102.0,3872.0,210.0,928090.0,0.0
2025-09,U04,A06,1170253.0,96679.0,401858.0,5808.0,257.0,1712465.0,0.0
2025-09,U05,A05,352809.0,21689.0,128909.0,2112.0,72.9,519012.0,0.0
2025-09,U05,A06,3616447.0,230670.0,1222331.0,17600.0,613.1,5222606.0,0.0
2025-10,U01,A01,11303441.0,2238162.0,4338783.0,86592.0,8348.2,17957600.0,553906.8
2025-10,U01,A03,3721342.0,670066.0,1301422.0,30912.0,2733.6,5731235.0,240739.0
2025-10,U01,A04,5119369.0,818845.0,1805304.0,36864.0,2923.0,7825851.0,0.0
2025-10,U01,A05,1018439.0,156384.0,362119.0,6336.0,523.5,1555279.0,0.0
2025-10,U01,A06,1755668.0,277232.0,671135.0,8624.0,734.3,2735616.0,0.0
2025-10,U02,A02,10617456.0,1461868.0,3912439.0,74496.0,4984.7,16236285.0,456135.0
2025-10,U02,A03,4070631.0,429592.0,1474699.0,32256.0,1752.6,6104176.0,262398.7
2025-10,U02,A04,4861262.0,580248.0,1820398.0,34368.0,2071.3,7400114.0,0.0
2025-10,U02,A05,901388.0,109888.0,319870.0,5632.0,367.8,1355334.0,0.0
2025-10,U02,A06,1480811.0,199050.0,576306.0,7392.0,527.2,2293003.0,0.0
2025-10,U03,A02,13529272.0,2142079.0,4606374.0,92736.0,7304.1,20494048.0,573245.8
2025-10,U03,A03,4910474.0,772624.0,1900658.0,40512.0,3152.0,7673922.0,335547.6
2025-10,U03,A04,5820869.0,837627.0,1978872.0,41664.0,2990.0,8753821.0,0.0
2025-10,U03,A05,1101643.0,179821.0,382074.0,6688.0,601.9,1679956.0,0.0
2025-10,U03,A06,1973700.0,329802.0,732658.0,9504.0,873.6,3065602.0,0.0
2025-10,U04,A03,7327943.0,820734.0,2433705.0,59712.0,3348.3,10791850.0,511070.0
2025-10,U04,A04,3700344.0,367619.0,1368990.0,25728.0,1312.3,5562139.0,0.0
2025-10,U04,A05,623457.0,69032.0,224253.0,3872.0,231.1,935560.0,0.0
2025-10,U04,A06,1293608.0,114428.0,456646.0,6160.0,303.1,1911404.0,0.0
2025-10,U05,A05,337482.0,22211.0,122045.0,2112.0,74.3,496198.0,0.0
2025-10,U05,A06,3649716.0,251892.0,1298301.0,17776.0,667.2,5352040.0,0.0
2025-11,U01,A01,11636876.0,1949777.0,3885032.0,85056.0,7247.6,17624233.0,514517.5
2025-11,U01,A03,3684673.0,681726.0,1315656.0,30336.0,2771.7,5716186.0,242793.6
2025-11,U01,A04,5220477.0,730795.0,1787684.0,36288.0,2599.8,7849700.0,0.0
2025-11,U01,A05,1026213.0,145473.0,399375.0,6160.0,485.3,1594480.0,0.0
2025-11,U01,A06,1829895.0,315275.0,627719.0,8624.0,832.2,2795205.0,0.0
2025-11,U02,A02,11387470.0,1431965.0,3764973.0,78144.0,4866.0,16865317.0,471386.1
2025-11,U02,A03,4241210.0,557105.0,1601487.0,33792.0,2265.0,6506734.0,288399.0
2025-11,U02,A04,4915954.0,494585.0,1789633.0,34368.0,1759.5,7363439.0,0.0
2025-11,U02,A05,910400.0,85116.0,337106.0,5456.0,283.9,1364927.0,0.0
2025-11,U02,A06,1501934.0,165251.0,573597.0,7392.0,436.2,2287911.0,0.0
2025-11,U03,A02,13235177.0,2024988.0,5065346.0,90624.0,6881.2,20582038.0,557837.5
2025-11,U03,A03,4908998.0,783425.0,1744718.0,40128.0,3185.1,7517199.0,306606.9
2025-11,U03,A04,6189707.0,1039854.0,2207482.0,43584.0,3699.2,9523757.0,0.0
2025-11,U03,A05,1158764.0,175786.0,388405.0,7040.0,586.4,1743357.0,0.0
2025-11,U03,A06,2009653.0,306725.0,746339.0,9504.0,809.7,3100853.0,0.0
2025-11,U04,A03,7628152.0,666021.0,2855869.0,60480.0,2707.8,11435337.0,467343.6
2025-11,U04,A04,3578034.0,316789.0,1254143.0,25536.0,1127.0,5277713.0,0.0
2025-11,U04,A05,629415.0,63275.0,230701.0,3872.0,211.1,944380.0,0.0
2025-11,U04,A06,1273219.0,105979.0,436190.0,6160.0,279.8,1862637.0,0.0
2025-11,U05,A05,336534.0,23757.0,130699.0,2112.0,79.3,505364.0,0.0
2025-11,U05,A06,3767933.0,241234.0,1334945.0,17952.0,636.8,5506196.0,0.0
2025-12,U01,A01,11517301.0,1905216.0,4379103.0,83520.0,7057.8,17983498.0,537232.8
2025-12,U01,A03,3753814.0,559304.0,1318355.0,30528.0,2266.2,5703115.0,257804.1
2025-12,U01,A04,5074416.0,774063.0,1918076.0,36480.0,2744.3,7864480.0,0.0
2025-12,U01,A05,1022563.0,122681.0,385960.0,6336.0,407.9,1560238.0,0.0
2025-12,U01,A06,1856742.0,245443.0,624665.0,8976.0,645.7,2769790.0,0.0
2025-12,U02,A02,11666565.0,1194353.0,4047190.0,77184.0,4044.7,17280808.0,518422.1
2025-12,U02,A03,3953724.0,468963.0,1501596.0,32640.0,1900.1,6038463.0,268517.8
2025-12,U02,A04,4902590.0,452139.0,1758674.0,34176.0,1603.0,7286561.0,0.0
2025-12,U02,A05,916528.0,85885.0,316621.0,5456.0,285.5,1350478.0,0.0
2025-12,U02,A06,1610743.0,169248.0,608538.0,7568.0,445.2,2441007.0,0.0
2025-12,U03,A02,13997173.0,1920290.0,4711512.0,93888.0,6503.2,20933185.0,579688.3
2025-12,U03,A03,5108250.0,570778.0,1831663.0,40896.0,2312.7,7663169.0,314774.0
2025-12,U03,A04,5979253.0,840759.0,2137194.0,41280.0,2980.7,9087033.0,0.0
2025-12,U03,A05,1103453.0,136056.0,415602.0,6864.0,452.3,1685373.0,0.0
2025-12,U03,A06,2044568.0,231757.0,774117.0,9680.0,609.7,3112391.0,0.0
2025-12,U04,A03,7241885.0,527637.0,2748632.0,58176.0,2137.9,10819988.0,508162.4
2025-12,U04,A04,3584592.0,361338.0,1235518.0,26112.0,1281.1,5297178.0,0.0
2025-12,U04,A05,640471.0,50440.0,240020.0,3872.0,167.7,956430.0,0.0
2025-12,U04,A06,1225019.0,108288.0,428979.0,5984.0,284.9,1806395.0,0.0
2025-12,U05,A05,343960.0,19586.0,115634.0,2112.0,65.1,494379.0,0.0
2025-12,U05,A06,3762051.0,213758.0,1456769.0,17952.0,562.3,5607573.0,0.0
2026-01,U01,A01,11600233.0,1529227.0,4290801.0,83328.0,5645.7,17707174.0,499283.3
2026-01,U01,A03,3632251.0,401269.0,1218243.0,29952.0,1620.3,5357679.0,241609.6
2026-01,U01,A04,5311208.0,669193.0,1817835.0,36480.0,2364.4,7931669.0,0.0
2026-01,U01,A05,994924.0,121055.0,384005.0,6160.0,401.1,1528140.0,0.0
2026-01,U01,A06,1795729.0,214818.0,635811.0,8624.0,563.2,2695627.0,0.0
2026-01,U02,A02,11750360.0,979125.0,4163484.0,78720.0,3304.6,17334937.0,532218.8
2026-01,U02,A03,4307876.0,344732.0,1547147.0,33984.0,1392.0,6366705.0,286848.2
2026-01,U02,A04,4694442.0,479104.0,1650363.0,33408.0,1692.8,6975276.0,0.0
2026-01,U02,A05,949972.0,63960.0,313937.0,5632.0,211.9,1366836.0,0.0
2026-01,U02,A06,1493906.0,122049.0,537282.0,7392.0,320.0,2210466.0,0.0
2026-01,U03,A02,13395803.0,1729964.0,4481383.0,90816.0,5838.7,19927233.0,543922.8
2026-01,U03,A03,5228913.0,673479.0,1816131.0,42240.0,2719.5,7846976.0,324376.5
2026-01,U03,A04,5957716.0,649682.0,2080803.0,43392.0,2295.5,8868023.0,0.0
2026-01,U03,A05,1118157.0,111272.0,374243.0,6864.0,368.7,1639675.0,0.0
2026-01,U03,A06,1995308.0,199675.0,700760.0,9856.0,523.5,2961156.0,0.0
2026-01,U04,A03,7381350.0,574612.0,2866824.0,58176.0,2320.3,11123062.0,506034.5
2026-01,U04,A04,3766376.0,295681.0,1323240.0,26112.0,1044.7,5531540.0,0.0
2026-01,U04,A05,643411.0,36202.0,222038.0,3872.0,119.9,930459.0,0.0
2026-01,U04,A06,1276870.0,95056.0,425571.0,5984.0,249.2,1847491.0,0.0
2026-01,U05,A05,341481.0,13934.0,131857.0,2112.0,46.2,504670.0,0.0
2026-01,U05,A06,3830378.0,158373.0,1272432.0,17952.0,415.2,5446465.0,0.0
2026-02,U01,A01,11450602.0,1076977.0,3797658.0,81984.0,3962.6,16709855.0,533005.7
2026-02,U01,A03,3665449.0,387218.0,1324004.0,30336.0,1558.3,5492774.0,236255.5
2026-02,U01,A04,5262636.0,488122.0,1757291.0,36288.0,1718.8,7687270.0,0.0
2026-02,U01,A05,1033736.0,93410.0,356413.0,6336.0,308.4,1519961.0,0.0
2026-02,U01,A06,1794798.0,201449.0,653841.0,8624.0,526.4,2703871.0,0.0
2026-02,U02,A02,11145145.0,834724.0,4239779.0,76224.0,2807.7,16678247.0,466423.7
2026-02,U02,A03,4025071.0,328576.0,1332240.0,33216.0,1322.3,5834965.0,272067.6
2026-02,U02,A04,4826276.0,345926.0,1835288.0,33216.0,1218.1,7210401.0,0.0
2026-02,U02,A05,900524.0,65372.0,305120.0,5456.0,215.9,1306965.0,0.0
2026-02,U02,A06,1547939.0,127783.0,596531.0,7568.0,333.9,2332975.0,0.0
2026-02,U03,A02,13860786.0,1206384.0,4717222.0,93696.0,4057.8,20282615.0,559750.2
2026-02,U03,A03,5133886.0,501092.0,1714842.0,41664.0,2016.6,7517706.0,356981.3
2026-02,U03,A04,6036696.0,642375.0,2308421.0,41472.0,2262.0,9183157.0,0.0
2026-02,U03,A05,1101076.0,106215.0,407355.0,6864.0,350.7,1652786.0,0.0
2026-02,U03,A06,2010330.0,151067.0,730525.0,9504.0,394.7,2972962.0,0.0
2026-02,U04,A03,7363014.0,485096.0,2870645.0,57984.0,1952.2,11043442.0,486041.4
2026-02,U04,A04,3566784.0,236261.0,1250859.0,25728.0,831.9,5204545.0,0.0
2026-02,U04,A05,656807.0,32824.0,253151.0,4048.0,108.4,974539.0,0.0
2026-02,U04,A06,1253321.0,72925.0,438547.0,5984.0,190.5,1820509.0,0.0
2026-02,U05,A05,342511.0,14173.0,119979.0,2112.0,46.8,493506.0,0.0
2026-02,U05,A06,3680538.0,156734.0,1256604.0,17248.0,409.5,5272162.0,0.0
2026-03,U01,A01,11485242.0,1267243.0,4345934.0,83520.0,4646.9,17455994.0,561048.8
2026-03,U01,A03,3544316.0,368549.0,1302065.0,29184.0,1478.1,5329824.0,240531.8
2026-03,U01,A04,5440740.0,607278.0,2028776.0,37632.0,2131.2,8242885.0,0.0
2026-03,U01,A05,998898.0,89813.0,338482.0,5984.0,295.6,1462227.0,0.0
2026-03,U01,A06,1872043.0,156999.0,666008.0,8976.0,408.8,2765302.0,0.0
2026-03,U02,A02,11449083.0,733271.0,4232181.0,76416.0,2458.1,16914876.0,485608.6
2026-03,U02,A03,4303130.0,339544.0,1654715.0,33600.0,1361.8,6470419.0,278748.4
2026-03,U02,A04,4693313.0,333836.0,1774280.0,33024.0,1171.6,6998997.0,0.0
2026-03,U02,A05,871314.0,55157.0,323368.0,5280.0,181.5,1288156.0,0.0
2026-03,U02,A06,1559816.0,100587.0,557017.0,7392.0,261.9,2284514.0,0.0
2026-03,U03,A02,13516075.0,1202762.0,4788407.0,90240.0,4032.0,19994172.0,549846.4
2026-03,U03,A03,5340330.0,514613.0,2043502.0,42048.0,2064.0,8086625.0,361682.0
2026-03,U03,A04,5942153.0,545131.0,2223303.0,41472.0,1913.1,8925395.0,0.0
2026-03,U03,A05,1125329.0,85586.0,412434.0,6688.0,281.6,1668585.0,0.0
2026-03,U03,A06,1970152.0,151686.0,735333.0,9680.0,395.0,2936447.0,0.0
2026-03,U04,A03,7437370.0,382558.0,2574832.0,58560.0,1534.3,10738193.0,455625.0
2026-03,U04,A04,3568851.0,235396.0,1316495.0,25728.0,826.1,5274672.0,0.0
2026-03,U04,A05,647902.0,33911.0,214181.0,3872.0,111.6,925292.0,0.0
2026-03,U04,A06,1264203.0,65901.0,473334.0,5984.0,171.6,1863175.0,0.0
2026-03,U05,A05,348014.0,10732.0,128076.0,2112.0,35.3,505241.0,0.0
2026-03,U05,A06,3504803.0,117009.0,1352845.0,17072.0,304.7,5160488.0,0.0
2026-04,U01,A01,11086343.0,1356207.0,3915401.0,82560.0,4956.4,16653291.0,516696.0
2026-04,U01,A03,3756682.0,456340.0,1425077.0,30336.0,1824.1,5743503.0,238433.7
2026-04,U01,A04,5106478.0,494415.0,1847252.0,36096.0,1729.3,7622627.0,0.0
2026-04,U01,A05,1025475.0,96590.0,340772.0,6336.0,316.8,1497273.0,0.0
2026-04,U01,A06,1857093.0,175351.0,634912.0,8624.0,455.1,2730398.0,0.0
2026-04,U02,A02,10944836.0,900976.0,3813980.0,75072.0,3010.1,16071665.0,490480.3
2026-04,U02,A03,4293894.0,307560.0,1503223.0,33600.0,1229.4,6279431.0,258471.6
2026-04,U02,A04,4623703.0,349898.0,1556782.0,33216.0,1223.8,6710533.0,0.0
2026-04,U02,A05,894482.0,66663.0,300151.0,5280.0,218.6,1296389.0,0.0
2026-04,U02,A06,1508791.0,91100.0,585705.0,7392.0,236.4,2254341.0,0.0
2026-04,U03,A02,13377542.0,1072576.0,4531671.0,88320.0,3583.4,19487383.0,568208.1
2026-04,U03,A03,5157376.0,406025.0,1739551.0,40512.0,1623.0,7499627.0,317011.9
2026-04,U03,A04,6249449.0,619247.0,2233794.0,43008.0,2165.9,9310847.0,0.0
2026-04,U03,A05,1127132.0,111127.0,415474.0,6864.0,364.5,1692035.0,0.0
2026-04,U03,A06,1934457.0,175675.0,641550.0,9328.0,455.9,2818414.0,0.0
2026-04,U04,A03,7431355.0,381911.0,2641221.0,58560.0,1526.6,10800818.0,471275.7
2026-04,U04,A04,3570503.0,207983.0,1378735.0,25536.0,727.4,5321702.0,0.0
2026-04,U04,A05,667745.0,32070.0,258123.0,4048.0,105.2,990622.0,0.0
2026-04,U04,A06,1324102.0,67911.0,441966.0,6160.0,176.2,1894437.0,0.0
2026-04,U05,A05,349575.0,11084.0,123600.0,2112.0,36.4,502449.0,0.0
2026-04,U05,A06,3724262.0,155119.0,1368588.0,17600.0,402.6,5433715.0,0.0
2026-05,U01,A01,11292478.0,1333991.0,3862965.0,84288.0,4858.9,16797912.0,548236.9
2026-05,U01,A03,3697092.0,463363.0,1330913.0,29952.0,1846.0,5587887.0,234074.7
2026-05,U01,A04,5381610.0,646802.0,2082699.0,37632.0,2254.6,8265901.0,0.0
2026-05,U01,A05,1020870.0,116446.0,359822.0,6160.0,380.6,1526664.0,0.0
2026-05,U01,A06,1933389.0,217291.0,644319.0,8976.0,562.0,2850154.0,0.0
2026-05,U02,A02,11460195.0,932618.0,4003105.0,77952.0,3105.4,16830633.0,522933.2
2026-05,U02,A03,4175312.0,393517.0,1499941.0,32832.0,1567.7,6213972.0,252934.8
2026-05,U02,A04,4814740.0,436372.0,1752081.0,34560.0,1521.1,7176516.0,0.0
2026-05,U02,A05,883415.0,70107.0,314469.0,5456.0,229.2,1302266.0,0.0
2026-05,U02,A06,1534628.0,123453.0,567791.0,7392.0,319.3,2285915.0,0.0
2026-05,U03,A02,13671790.0,1559090.0,4524038.0,90624.0,5191.4,20137185.0,568025.1
2026-05,U03,A03,4915584.0,556543.0,1786678.0,40320.0,2217.2,7404576.0,329700.9
2026-05,U03,A04,5941076.0,603173.0,1981911.0,40896.0,2102.6,8713805.0,0.0
2026-05,U03,A05,1134552.0,109831.0,416465.0,6688.0,359.0,1699891.0,0.0
2026-05,U03,A06,1901467.0,215449.0,716850.0,9152.0,557.3,2891264.0,0.0
2026-05,U04,A03,7330098.0,465732.0,2685408.0,58944.0,1855.4,10801531.0,464084.0
2026-05,U04,A04,3726006.0,239702.0,1257526.0,26496.0,835.6,5380376.0,0.0
2026-05,U04,A05,679258.0,38076.0,229933.0,4048.0,124.5,977520.0,0.0
2026-05,U04,A06,1234478.0,68688.0,467322.0,5808.0,177.7,1827836.0,0.0
2026-05,U05,A05,357296.0,14541.0,131040.0,2112.0,47.5,520781.0,0.0
2026-05,U05,A06,3684143.0,160204.0,1330161.0,17952.0,414.4,5355294.0,0.0
2026-06,U01,A01,11803284.0,1823770.0,4137855.0,85248.0,6620.6,17971605.0,517090.5
2026-06,U01,A03,3719791.0,547941.0,1256550.0,30336.0,2175.6,5594794.0,236838.0
2026-06,U01,A04,5367679.0,657569.0,2006357.0,37056.0,2284.5,8179318.0,0.0
2026-06,U01,A05,1000392.0,122204.0,388384.0,5984.0,398.1,1539259.0,0.0
2026-06,U01,A06,1884476.0,215425.0,718792.0,8800.0,555.4,2875521.0,0.0
2026-06,U02,A02,11982583.0,1052781.0,4574970.0,77376.0,3493.8,18060644.0,504096.9
2026-06,U02,A03,4194801.0,364614.0,1579546.0,33024.0,1447.7,6296715.0,283200.4
2026-06,U02,A04,5066126.0,427086.0,1768761.0,34176.0,1483.8,7449958.0,0.0
2026-06,U02,A05,969842.0,92303.0,355227.0,5632.0,300.7,1451155.0,0.0
2026-06,U02,A06,1572540.0,158899.0,556236.0,7216.0,409.6,2338979.0,0.0
2026-06,U03,A02,13586173.0,1906659.0,4931487.0,90240.0,6327.5,20723749.0,604927.2
2026-06,U03,A03,4984542.0,560266.0,1907402.0,40704.0,2224.5,7605473.0,330019.7
2026-06,U03,A04,6160980.0,779724.0,2107713.0,41664.0,2708.9,9202186.0,0.0
2026-06,U03,A05,1128837.0,146406.0,381000.0,6864.0,477.0,1683193.0,0.0
2026-06,U03,A06,1952211.0,264466.0,690380.0,9504.0,681.8,2951923.0,0.0
2026-06,U04,A03,7347003.0,537923.0,2449823.0,58944.0,2135.8,10624988.0,510292.7
2026-06,U04,A04,3624294.0,328911.0,1252873.0,25728.0,1142.7,5333455.0,0.0
2026-06,U04,A05,669257.0,45926.0,256847.0,4048.0,149.6,1000846.0,0.0
2026-06,U04,A06,1214223.0,86592.0,422071.0,5808.0,223.2,1772274.0,0.0
2026-06,U05,A05,360134.0,17760.0,127977.0,2112.0,57.9,522862.0,0.0
2026-06,U05,A06,3695296.0,200185.0,1315043.0,17248.0,516.1,5379938.0,0.0
2026-07,U01,A01,11879754.0,1780472.0,4613292.0,85248.0,6441.9,18517173.0,534335.9
2026-07,U01,A03,3861540.0,572979.0,1298640.0,30336.0,2267.4,5804932.0,245595.9
2026-07,U01,A04,5335055.0,759087.0,1941369.0,36288.0,2628.4,8150405.0,0.0
2026-07,U01,A05,1082695.0,154225.0,394705.0,6336.0,500.8,1654925.0,0.0
2026-07,U01,A06,1828754.0,258428.0,665861.0,8800.0,664.0,2792940.0,0.0
2026-07,U02,A02,11998718.0,1137931.0,4626440.0,77184.0,3763.8,18192601.0,518765.7
2026-07,U02,A03,4353786.0,560970.0,1647282.0,33984.0,2219.9,6675014.0,281646.3
2026-07,U02,A04,5063282.0,645101.0,1817166.0,34752.0,2233.7,7654541.0,0.0
2026-07,U02,A05,926622.0,108900.0,350847.0,5456.0,353.6,1413363.0,0.0
2026-07,U02,A06,1625748.0,179110.0,544801.0,7568.0,460.2,2397182.0,0.0
2026-07,U03,A02,13655202.0,2044946.0,4717468.0,93120.0,6763.8,20671802.0,577512.0
2026-07,U03,A03,5275235.0,811054.0,1943982.0,41472.0,3209.6,8128041.0,325066.8
2026-07,U03,A04,6048959.0,919363.0,2316007.0,42816.0,3183.4,9403330.0,0.0
2026-07,U03,A05,1198033.0,179001.0,397524.0,7040.0,581.2,1796237.0,0.0
2026-07,U03,A06,2002849.0,253336.0,690540.0,9328.0,650.9,2996994.0,0.0
2026-07,U04,A03,7641304.0,781974.0,2573400.0,60288.0,3094.5,11237388.0,520526.0
2026-07,U04,A04,3875534.0,390309.0,1290731.0,26688.0,1351.5,5679769.0,0.0
2026-07,U04,A05,664441.0,54437.0,252076.0,4048.0,176.8,996955.0,0.0
2026-07,U04,A06,1316177.0,110770.0,458850.0,6160.0,284.6,1934657.0,0.0
2026-07,U05,A05,355910.0,18265.0,136218.0,2112.0,59.3,527425.0,0.0
2026-07,U05,A06,3718447.0,234736.0,1377193.0,17776.0,603.1,5493954.0,0.0
