periodo,unidad_id,area_id,horas_plan,horas_real,participantes,dc3_requeridos,dc3_emitidos,inversion_mxn,competencias_criticas_req,competencias_criticas_ok
2024-08,U01,A01,1118.0,1135.7,193,129,124,426393.0,68,63
2024-08,U01,A03,390.0,392.8,67,45,42,119095.0,24,22
2024-08,U01,A04,473.2,477.1,81,54,51,165018.0,29,27
2024-08,U01,A05,57.8,53.6,15,10,9,19625.0,2,1
2024-08,U01,A06,79.9,76.4,21,14,13,30674.0,3,2
2024-08,U02,A02,964.6,1037.0,166,111,110,326120.0,59,56
2024-08,U02,A03,436.8,433.0,75,50,48,132151.0,26,25
2024-08,U02,A04,436.8,411.1,75,50,49,111606.0,26,25
2024-08,U02,A05,49.3,49.8,13,8,7,20009.0,2,1
2024-08,U02,A06,68.0,70.5,18,12,11,26444.0,2,1
2024-08,U03,A02,1203.8,1137.9,208,138,135,354279.0,74,70
2024-08,U03,A03,548.6,575.9,94,63,61,218640.0,33,30
2024-08,U03,A04,551.2,522.3,95,63,59,191759.0,33,31
2024-08,U03,A05,62.9,60.3,16,11,10,20641.0,2,1
2024-08,U03,A06,88.4,90.5,23,15,14,28592.0,3,2
2024-08,U04,A03,759.2,830.5,131,87,86,220240.0,46,45
2024-08,U04,A04,340.6,368.6,58,39,38,103042.0,20,19
2024-08,U04,A05,35.7,33.1,9,6,5,10038.0,2,1
2024-08,U04,A06,56.1,61.7,14,9,8,24521.0,2,1
2024-08,U05,A05,18.7,19.6,4,3,2,7894.0,2,1
2024-08,U05,A06,161.5,173.3,42,28,27,62860.0,6,5
2024-09,U01,A01,1099.8,1076.6,190,126,118,313364.0,67,63
2024-09,U01,A03,400.4,420.4,69,46,44,163661.0,24,22
2024-09,U01,A04,488.8,471.8,84,56,53,130596.0,30,28
2024-09,U01,A05,57.8,57.9,15,10,9,17734.0,2,1
2024-09,U01,A06,79.9,84.9,21,14,13,33185.0,3,2
2024-09,U02,A02,1001.0,1046.6,173,115,114,408329.0,61,58
2024-09,U02,A03,442.0,457.1,76,51,50,133293.0,27,25
2024-09,U02,A04,457.6,494.1,79,52,51,199880.0,28,27
2024-09,U02,A05,49.3,51.1,13,8,7,16213.0,2,1
2024-09,U02,A06,69.7,65.7,18,12,11,18002.0,2,1
2024-09,U03,A02,1193.4,1247.2,206,137,132,434561.0,73,68
2024-09,U03,A03,530.4,567.9,91,61,58,185648.0,32,30
2024-09,U03,A04,566.8,531.1,98,65,63,194080.0,34,32
2024-09,U03,A05,64.6,59.8,17,11,10,21638.0,2,1
2024-09,U03,A06,90.1,100.7,23,15,14,26618.0,3,2
2024-09,U04,A03,772.2,797.5,133,89,88,263392.0,47,46
2024-09,U04,A04,335.4,361.1,58,38,37,98965.0,20,19
2024-09,U04,A05,35.7,34.1,9,6,5,11408.0,2,1
2024-09,U04,A06,56.1,52.7,14,9,8,20637.0,2,1
2024-09,U05,A05,18.7,17.9,4,3,2,5243.0,2,1
2024-09,U05,A06,163.2,155.0,43,28,27,58749.0,6,5
2024-10,U01,A01,1081.6,1123.0,187,124,116,455967.0,66,62
2024-10,U01,A03,390.0,409.1,67,45,42,165620.0,24,22
2024-10,U01,A04,483.6,487.4,83,55,51,187169.0,29,26
2024-10,U01,A05,56.1,56.2,14,9,8,17534.0,2,1
2024-10,U01,A06,83.3,73.0,22,14,13,28411.0,3,2
2024-10,U02,A02,1032.2,1077.3,178,119,117,387836.0,63,61
2024-10,U02,A03,426.4,455.2,73,49,47,174430.0,26,25
2024-10,U02,A04,460.2,487.1,79,53,51,135517.0,28,27
2024-10,U02,A05,51.0,49.6,13,9,8,16419.0,2,1
2024-10,U02,A06,69.7,68.2,18,12,11,20521.0,2,1
2024-10,U03,A02,1180.4,1062.2,204,136,129,358391.0,72,67
2024-10,U03,A03,543.4,565.1,94,62,59,169786.0,33,31
2024-10,U03,A04,556.4,517.5,96,64,62,186902.0,34,31
2024-10,U03,A05,64.6,65.4,17,11,10,18062.0,2,1
2024-10,U03,A06,88.4,94.8,23,15,14,36675.0,3,2
2024-10,U04,A03,769.6,765.1,133,88,87,267636.0,47,46
2024-10,U04,A04,345.8,380.7,59,39,38,138904.0,21,20
2024-10,U04,A05,37.4,37.5,9,6,5,12612.0,2,1
2024-10,U04,A06,57.8,55.2,15,10,9,21330.0,2,1
2024-10,U05,A05,20.4,21.1,5,3,2,7094.0,2,1
2024-10,U05,A06,161.5,153.1,42,28,27,41642.0,6,5
2024-11,U01,A01,1146.6,1025.6,198,132,124,373195.0,70,64
2024-11,U01,A03,397.8,397.1,68,45,42,134065.0,24,22
2024-11,U01,A04,499.2,422.6,86,57,54,157688.0,30,27
2024-11,U01,A05,57.8,56.9,15,10,9,21801.0,2,1
2024-11,U01,A06,81.6,76.4,21,14,13,29729.0,3,2
2024-11,U02,A02,1001.0,888.0,173,115,114,270670.0,61,59
2024-11,U02,A03,439.4,423.4,76,50,49,154305.0,27,26
2024-11,U02,A04,442.0,422.3,76,51,50,138198.0,27,26
2024-11,U02,A05,52.7,54.8,13,9,8,17030.0,2,1
2024-11,U02,A06,71.4,69.8,18,12,11,19917.0,2,1
2024-11,U03,A02,1209.0,1017.8,209,139,133,289137.0,74,69
2024-11,U03,A03,540.8,533.4,93,62,60,183417.0,33,30
2024-11,U03,A04,564.2,546.7,97,65,61,174542.0,34,32
2024-11,U03,A05,64.6,56.0,17,11,10,17321.0,2,1
2024-11,U03,A06,90.1,89.0,23,15,14,27178.0,3,2
2024-11,U04,A03,777.4,780.3,134,89,88,316271.0,47,46
2024-11,U04,A04,348.4,337.7,60,40,39,92516.0,21,20
2024-11,U04,A05,37.4,37.5,9,6,5,15559.0,2,1
2024-11,U04,A06,57.8,55.2,15,10,9,15018.0,2,1
2024-11,U05,A05,20.4,18.7,5,3,2,7705.0,2,1
2024-11,U05,A06,168.3,160.6,44,29,28,47162.0,6,5
2024-12,U01,A01,1110.2,919.8,192,128,120,291899.0,68,62
2024-12,U01,A03,395.2,325.4,68,45,42,110293.0,24,22
2024-12,U01,A04,501.8,478.4,86,57,53,155442.0,30,27
2024-12,U01,A05,59.5,53.6,15,10,9,15110.0,2,1
2024-12,U01,A06,85.0,71.1,22,15,14,19418.0,3,2
2024-12,U02,A02,1029.6,1030.8,178,118,116,361899.0,63,60
2024-12,U02,A03,434.2,414.7,75,50,49,158443.0,26,25
2024-12,U02,A04,455.0,383.8,78,52,51,155779.0,28,26
2024-12,U02,A05,52.7,46.2,13,9,8,14787.0,2,1
2024-12,U02,A06,69.7,66.3,18,12,11,20262.0,2,1
2024-12,U03,A02,1175.2,1020.6,203,135,129,347846.0,72,67
2024-12,U03,A03,540.8,505.0,93,62,60,198503.0,33,31
2024-12,U03,A04,546.0,492.3,94,63,60,139787.0,33,30
2024-12,U03,A05,62.9,54.3,16,11,10,16363.0,2,1
2024-12,U03,A06,91.8,89.9,24,16,15,26042.0,3,2
2024-12,U04,A03,787.8,674.1,136,90,89,202382.0,48,47
2024-12,U04,A04,348.4,298.6,60,40,39,95844.0,21,20
2024-12,U04,A05,37.4,34.0,9,6,5,11455.0,2,1
2024-12,U04,A06,57.8,54.8,15,10,9,20022.0,2,1
2024-12,U05,A05,20.4,20.2,5,3,2,6200.0,2,1
2024-12,U05,A06,164.9,162.4,43,29,28,49535.0,6,5
2025-01,U01,A01,1084.2,1020.1,187,125,117,376623.0,66,62
2025-01,U01,A03,387.4,313.1,67,44,42,130465.0,23,21
2025-01,U01,A04,488.8,441.9,84,56,53,130743.0,30,27
2025-01,U01,A05,56.1,53.0,14,9,8,13900.0,2,1
2025-01,U01,A06,85.0,78.7,22,15,14,27847.0,3,2
2025-01,U02,A02,1019.2,944.1,176,117,116,287631.0,62,60
2025-01,U02,A03,444.6,435.3,76,51,50,116411.0,27,25
2025-01,U02,A04,436.8,383.1,75,50,49,134541.0,26,25
2025-01,U02,A05,51.0,48.4,13,9,8,17151.0,2,1
2025-01,U02,A06,71.4,70.4,18,12,11,19736.0,2,1
2025-01,U03,A02,1198.6,1128.2,207,138,131,306153.0,73,70
2025-01,U03,A03,533.0,419.5,92,61,57,167701.0,32,31
2025-01,U03,A04,546.0,478.7,94,63,60,176258.0,33,31
2025-01,U03,A05,66.3,60.4,17,11,10,24942.0,2,1
2025-01,U03,A06,91.8,78.7,24,16,15,32898.0,3,2
2025-01,U04,A03,769.6,696.0,133,88,87,240920.0,47,46
2025-01,U04,A04,340.6,289.6,58,39,38,81519.0,20,19
2025-01,U04,A05,37.4,33.2,9,6,5,8849.0,2,1
2025-01,U04,A06,54.4,51.9,14,9,8,13667.0,2,1
2025-01,U05,A05,20.4,19.4,5,3,2,6520.0,2,1
2025-01,U05,A06,161.5,155.9,42,28,27,59036.0,6,5
2025-02,U01,A01,1138.8,1065.0,197,131,124,330089.0,70,64
2025-02,U01,A03,384.8,345.1,66,44,42,110594.0,23,21
2025-02,U01,A04,499.2,461.2,86,57,53,171014.0,30,28
2025-02,U01,A05,57.8,50.9,15,10,9,19003.0,2,1
2025-02,U01,A06,83.3,70.5,22,14,13,19863.0,3,2
2025-02,U02,A02,1008.8,846.4,174,116,115,295674.0,62,61
2025-02,U02,A03,439.4,415.1,76,50,49,164155.0,27,26
2025-02,U02,A04,455.0,405.0,78,52,51,121375.0,28,26
2025-02,U02,A05,49.3,41.4,13,8,7,16061.0,2,1
2025-02,U02,A06,68.0,60.0,18,12,11,16966.0,2,1
2025-02,U03,A02,1201.2,993.1,207,138,130,288846.0,73,70
2025-02,U03,A03,553.8,529.6,95,63,60,195216.0,34,32
2025-02,U03,A04,564.2,508.9,97,65,63,205771.0,34,32
2025-02,U03,A05,64.6,61.1,17,11,10,19058.0,2,1
2025-02,U03,A06,86.7,78.2,22,15,14,29049.0,3,2
2025-02,U04,A03,798.2,734.3,138,92,91,212631.0,49,48
2025-02,U04,A04,351.0,308.6,60,40,39,110610.0,21,20
2025-02,U04,A05,37.4,32.4,9,6,5,10266.0,2,1
2025-02,U04,A06,54.4,53.7,14,9,8,17055.0,2,1
2025-02,U05,A05,20.4,17.4,5,3,2,5664.0,2,1
2025-02,U05,A06,170.0,174.3,45,30,29,54589.0,7,6
2025-03,U01,A01,1123.2,1034.1,194,129,120,392149.0,69,65
2025-03,U01,A03,395.2,365.7,68,45,43,130585.0,24,22
2025-03,U01,A04,483.6,469.4,83,55,52,175171.0,29,26
2025-03,U01,A05,57.8,54.3,15,10,9,21153.0,2,1
2025-03,U01,A06,79.9,77.3,21,14,13,21401.0,3,2
2025-03,U02,A02,975.0,848.0,168,112,109,277574.0,60,58
2025-03,U02,A03,434.2,392.3,75,50,49,101364.0,26,24
2025-03,U02,A04,447.2,395.7,77,51,49,102966.0,27,26
2025-03,U02,A05,49.3,43.1,13,8,7,13702.0,2,1
2025-03,U02,A06,69.7,68.5,18,12,11,27109.0,2,1
2025-03,U03,A02,1159.6,992.4,200,133,129,370743.0,71,67
2025-03,U03,A03,527.8,508.9,91,60,58,206255.0,32,30
2025-03,U03,A04,538.2,446.6,93,62,59,135401.0,33,31
2025-03,U03,A05,64.6,58.9,17,11,10,16272.0,2,1
2025-03,U03,A06,86.7,82.8,22,15,14,21855.0,3,2
2025-03,U04,A03,793.0,752.2,137,91,90,301457.0,48,47
2025-03,U04,A04,348.4,320.8,60,40,39,95749.0,21,20
2025-03,U04,A05,37.4,33.6,9,6,5,13278.0,2,1
2025-03,U04,A06,56.1,50.3,14,9,8,17088.0,2,1
2025-03,U05,A05,20.4,18.7,5,3,2,6341.0,2,1
2025-03,U05,A06,168.3,175.1,44,29,28,66065.0,6,5
2025-04,U01,A01,1094.6,961.7,189,126,121,305773.0,67,62
2025-04,U01,A03,384.8,391.9,66,44,41,128040.0,23,21
2025-04,U01,A04,475.8,446.7,82,54,50,182937.0,29,26
2025-04,U01,A05,57.8,58.7,15,10,9,22466.0,2,1
2025-04,U01,A06,79.9,72.0,21,14,13,28771.0,3,2
2025-04,U02,A02,1001.0,892.6,173,115,111,264069.0,61,59
2025-04,U02,A03,429.0,393.7,74,49,48,151346.0,26,25
2025-04,U02,A04,447.2,483.9,77,51,50,161024.0,27,26
2025-04,U02,A05,51.0,48.2,13,9,8,16087.0,2,1
2025-04,U02,A06,68.0,71.3,18,12,11,19675.0,2,1
2025-04,U03,A02,1188.2,1043.6,205,137,132,377455.0,73,69
2025-04,U03,A03,548.6,489.9,94,63,60,147397.0,33,31
2025-04,U03,A04,551.2,571.9,95,63,61,209047.0,33,30
2025-04,U03,A05,64.6,65.3,17,11,10,23412.0,2,1
2025-04,U03,A06,86.7,88.1,22,15,14,30903.0,3,2
2025-04,U04,A03,793.0,812.7,137,91,90,280750.0,48,47
2025-04,U04,A04,338.0,321.5,58,39,38,92106.0,20,19
2025-04,U04,A05,37.4,37.7,9,6,5,11013.0,2,1
2025-04,U04,A06,54.4,53.0,14,9,8,16497.0,2,1
2025-04,U05,A05,18.7,19.9,4,3,2,5688.0,2,1
2025-04,U05,A06,166.6,170.4,44,29,28,66186.0,6,5
2025-05,U01,A01,1110.2,1012.9,192,128,119,262609.0,68,62
2025-05,U01,A03,390.0,410.6,67,45,42,127563.0,24,22
2025-05,U01,A04,483.6,527.2,83,55,52,189562.0,29,27
2025-05,U01,A05,57.8,57.6,15,10,9,15588.0,2,1
2025-05,U01,A06,79.9,79.0,21,14,13,25467.0,3,2
2025-05,U02,A02,1008.8,1075.2,174,116,112,347757.0,62,60
2025-05,U02,A03,434.2,445.9,75,50,49,123185.0,26,25
2025-05,U02,A04,434.2,436.2,75,50,49,113435.0,26,24
2025-05,U02,A05,49.3,51.0,13,8,7,13239.0,2,1
2025-05,U02,A06,71.4,67.4,18,12,11,17223.0,2,1
2025-05,U03,A02,1162.2,1190.2,201,134,131,331900.0,71,66
2025-05,U03,A03,533.0,506.5,92,61,58,164762.0,32,30
2025-05,U03,A04,553.8,568.4,95,63,60,218224.0,34,32
2025-05,U03,A05,62.9,63.3,16,11,10,17623.0,2,1
2025-05,U03,A06,86.7,87.5,22,15,14,32134.0,3,2
2025-05,U04,A03,772.2,825.3,133,89,88,274807.0,47,46
2025-05,U04,A04,340.6,327.9,58,39,38,118836.0,20,19
2025-05,U04,A05,37.4,37.1,9,6,5,13207.0,2,1
2025-05,U04,A06,54.4,58.1,14,9,8,21728.0,2,1
2025-05,U05,A05,18.7,19.3,4,3,2,7468.0,2,1
2025-05,U05,A06,168.3,156.3,44,29,28,58261.0,6,5
2025-06,U01,A01,1081.6,1129.5,187,124,117,394163.0,66,61
2025-06,U01,A03,384.8,410.8,66,44,42,105912.0,23,21
2025-06,U01,A04,494.0,485.8,85,57,54,175306.0,30,28
2025-06,U01,A05,57.8,64.6,15,10,9,24290.0,2,1
2025-06,U01,A06,83.3,91.0,22,14,13,27490.0,3,2
2025-06,U02,A02,1021.8,1089.5,176,117,113,338569.0,62,59
2025-06,U02,A03,426.4,421.2,73,49,48,118605.0,26,25
2025-06,U02,A04,436.8,479.7,75,50,49,139171.0,26,25
2025-06,U02,A05,52.7,55.7,13,9,8,22147.0,2,1
2025-06,U02,A06,71.4,70.9,18,12,11,26198.0,2,1
2025-06,U03,A02,1211.6,1256.7,209,139,136,523266.0,74,68
2025-06,U03,A03,533.0,547.6,92,61,58,203069.0,32,30
2025-06,U03,A04,564.2,531.5,97,65,63,200291.0,34,32
2025-06,U03,A05,64.6,59.8,17,11,10,24182.0,2,1
2025-06,U03,A06,88.4,86.1,23,15,14,24192.0,3,2
2025-06,U04,A03,785.2,839.2,135,90,89,254953.0,48,47
2025-06,U04,A04,335.4,356.0,58,38,37,128387.0,20,19
2025-06,U04,A05,35.7,38.0,9,6,5,10736.0,2,1
2025-06,U04,A06,57.8,55.5,15,10,9,16093.0,2,1
2025-06,U05,A05,20.4,19.6,5,3,2,6277.0,2,1
2025-06,U05,A06,163.2,171.4,43,28,27,63668.0,6,5
2025-07,U01,A01,1128.4,1256.2,195,130,123,388561.0,69,64
2025-07,U01,A03,408.2,421.7,70,47,44,166881.0,25,23
2025-07,U01,A04,488.8,468.0,84,56,53,190846.0,30,28
2025-07,U01,A05,59.5,66.4,15,10,9,23482.0,2,1
2025-07,U01,A06,81.6,89.1,21,14,13,33477.0,3,2
2025-07,U02,A02,1021.8,963.0,176,117,114,258843.0,62,59
2025-07,U02,A03,429.0,462.4,74,49,48,166791.0,26,25
2025-07,U02,A04,452.4,469.4,78,52,51,173016.0,27,26
2025-07,U02,A05,51.0,54.6,13,9,8,21418.0,2,1
2025-07,U02,A06,71.4,68.3,18,12,11,23764.0,2,1
2025-07,U03,A02,1170.0,1117.0,202,135,132,309252.0,72,69
2025-07,U03,A03,556.4,519.7,96,64,61,158697.0,34,32
2025-07,U03,A04,556.4,561.6,96,64,62,187023.0,34,32
2025-07,U03,A05,64.6,68.4,17,11,10,25561.0,2,1
2025-07,U03,A06,90.1,100.8,23,15,14,34818.0,3,2
2025-07,U04,A03,761.8,840.2,131,87,86,310670.0,46,45
2025-07,U04,A04,338.0,342.1,58,39,38,129558.0,20,19
2025-07,U04,A05,37.4,34.9,9,6,5,12321.0,2,1
2025-07,U04,A06,56.1,55.5,14,9,8,14835.0,2,1
2025-07,U05,A05,20.4,19.2,5,3,2,4993.0,2,1
2025-07,U05,A06,163.2,176.0,43,28,27,62038.0,6,5
2025-08,U01,A01,1110.2,1091.7,192,128,123,381806.0,68,63
2025-08,U01,A03,410.8,420.5,71,47,45,154348.0,25,23
2025-08,U01,A04,486.2,500.7,84,56,52,133867.0,29,26
2025-08,U01,A05,57.8,57.0,15,10,9,21753.0,2,1
2025-08,U01,A06,83.3,89.9,22,14,13,24181.0,3,2
2025-08,U02,A02,1024.4,1068.8,177,118,116,378251.0,63,62
2025-08,U02,A03,442.0,458.2,76,51,50,120904.0,27,26
2025-08,U02,A04,455.0,503.2,78,52,50,196382.0,28,27
2025-08,U02,A05,51.0,53.8,13,9,8,14639.0,2,1
2025-08,U02,A06,71.4,67.1,18,12,11,20211.0,2,1
2025-08,U03,A02,1203.8,1321.2,208,138,135,467226.0,74,71
2025-08,U03,A03,543.4,586.7,94,62,60,180163.0,33,31
2025-08,U03,A04,577.2,617.4,99,66,62,162875.0,35,33
2025-08,U03,A05,64.6,68.1,17,11,10,19308.0,2,1
2025-08,U03,A06,91.8,102.2,24,16,15,39616.0,3,2
2025-08,U04,A03,790.4,817.7,136,91,90,325579.0,48,47
2025-08,U04,A04,351.0,355.9,60,40,39,112906.0,21,20
2025-08,U04,A05,37.4,37.2,9,6,5,14815.0,2,1
2025-08,U04,A06,57.8,64.7,15,10,9,17685.0,2,1
2025-08,U05,A05,20.4,19.2,5,3,2,4920.0,2,1
2025-08,U05,A06,166.6,178.2,44,29,28,69041.0,6,5
2025-09,U01,A01,1144.0,1218.4,198,132,125,509868.0,70,64
2025-09,U01,A03,403.0,370.2,69,46,43,125698.0,24,22
2025-09,U01,A04,496.6,534.6,85,57,53,181985.0,30,28
2025-09,U01,A05,57.8,55.3,15,10,9,19639.0,2,1
2025-09,U01,A06,83.3,78.1,22,14,13,30450.0,3,2
2025-09,U02,A02,1027.0,1017.3,177,118,117,268516.0,63,60
2025-09,U02,A03,447.2,482.6,77,51,49,138126.0,27,26
2025-09,U02,A04,470.6,433.1,81,54,53,112577.0,28,26
2025-09,U02,A05,51.0,56.1,13,9,8,18072.0,2,1
2025-09,U02,A06,71.4,74.8,18,12,11,27689.0,2,1
2025-09,U03,A02,1206.4,1246.6,208,139,134,370549.0,74,71
2025-09,U03,A03,548.6,614.3,94,63,60,226981.0,33,31
2025-09,U03,A04,566.8,553.4,98,65,61,216157.0,34,32
2025-09,U03,A05,66.3,72.7,17,11,10,25428.0,2,1
2025-09,U03,A06,90.1,90.8,23,15,14,33085.0,3,2
2025-09,U04,A03,816.4,789.8,141,94,93,274990.0,50,49
2025-09,U04,A04,343.2,320.5,59,39,38,121962.0,21,20
2025-09,U04,A05,37.4,39.2,9,6,5,14513.0,2,1
2025-09,U04,A06,56.1,62.4,14,9,8,22947.0,2,1
2025-09,U05,A05,20.4,22.4,5,3,2,7210.0,2,1
2025-09,U05,A06,170.0,173.1,45,30,29,61965.0,7,6
2025-10,U01,A01,1172.6,1165.2,202,135,127,412485.0,72,65
2025-10,U01,A03,418.6,419.4,72,48,45,124749.0,25,23
2025-10,U01,A04,499.2,483.5,86,57,54,137932.0,30,27
2025-10,U01,A05,61.2,53.2,16,10,9,18246.0,2,1
2025-10,U01,A06,83.3,80.1,22,14,13,29686.0,3,2
2025-10,U02,A02,1008.8,973.1,174,116,113,357649.0,62,61
2025-10,U02,A03,436.8,464.6,75,50,49,183395.0,26,25
2025-10,U02,A04,465.4,460.0,80,53,52,151588.0,28,27
2025-10,U02,A05,54.4,54.3,14,9,8,14892.0,2,1
2025-10,U02,A06,71.4,66.1,18,12,11,27487.0,2,1
2025-10,U03,A02,1255.8,1231.4,217,144,140,484273.0,77,73
2025-10,U03,A03,548.6,574.0,94,63,59,238292.0,33,31
2025-10,U03,A04,564.2,501.3,97,65,61,202023.0,34,31
2025-10,U03,A05,64.6,68.5,17,11,10,28053.0,2,1
2025-10,U03,A06,91.8,84.9,24,16,15,22597.0,3,2
2025-10,U04,A03,808.6,805.5,139,93,92,246935.0,49,48
2025-10,U04,A04,348.4,330.2,60,40,39,127712.0,21,20
2025-10,U04,A05,37.4,41.4,9,6,5,13507.0,2,1
2025-10,U04,A06,59.5,58.2,15,10,9,19526.0,2,1
2025-10,U05,A05,20.4,22.4,5,3,2,9149.0,2,1
2025-10,U05,A06,171.7,163.1,45,30,29,63400.0,7,6
2025-11,U01,A01,1151.8,1025.5,199,132,125,343254.0,70,64
2025-11,U01,A03,410.8,345.7,71,47,45,116448.0,25,23
2025-11,U01,A04,491.4,493.5,85,56,53,143495.0,30,27
2025-11,U01,A05,59.5,54.6,15,10,9,21901.0,2,1
2025-11,U01,A06,83.3,76.3,22,14,13,20169.0,3,2
2025-11,U02,A02,1058.2,1068.9,183,122,121,430509.0,65,62
2025-11,U02,A03,457.6,419.2,79,52,50,136913.0,28,26
2025-11,U02,A04,465.4,476.6,80,53,52,123865.0,28,27
2025-11,U02,A05,52.7,52.5,13,9,8,18711.0,2,1
2025-11,U02,A06,71.4,70.6,18,12,11,19818.0,2,1
2025-11,U03,A02,1227.2,1200.5,212,141,135,376696.0,75,72
2025-11,U03,A03,543.4,487.5,94,62,60,198158.0,33,31
2025-11,U03,A04,590.2,547.6,102,68,65,215356.0,36,33
2025-11,U03,A05,68.0,63.9,18,12,11,20073.0,2,1
2025-11,U03,A06,91.8,79.5,24,16,15,22608.0,3,2
2025-11,U04,A03,819.0,850.6,141,94,93,319757.0,50,49
2025-11,U04,A04,345.8,350.4,59,39,38,98396.0,21,20
2025-11,U04,A05,37.4,38.5,9,6,5,12208.0,2,1
2025-11,U04,A06,59.5,59.4,15,10,9,15559.0,2,1
2025-11,U05,A05,20.4,20.9,5,3,2,7862.0,2,1
2025-11,U05,A06,173.4,161.5,45,30,29,64841.0,7,6
2025-12,U01,A01,1131.0,978.7,195,130,124,381113.0,69,65
2025-12,U01,A03,413.4,345.0,71,47,44,136413.0,25,22
2025-12,U01,A04,494.0,423.0,85,57,54,154052.0,30,28
2025-12,U01,A05,61.2,49.4,16,10,9,14447.0,2,1
2025-12,U01,A06,86.7,70.3,22,15,14,27145.0,3,2
2025-12,U02,A02,1045.2,947.5,180,120,119,336151.0,64,61
2025-12,U02,A03,442.0,396.4,76,51,50,160371.0,27,25
2025-12,U02,A04,462.8,401.3,80,53,52,107751.0,28,27
2025-12,U02,A05,52.7,44.6,13,9,8,17307.0,2,1
2025-12,U02,A06,73.1,62.8,19,12,11,23344.0,3,2
2025-12,U03,A02,1271.4,1044.7,220,146,138,342604.0,78,72
2025-12,U03,A03,553.8,468.6,95,63,59,136105.0,34,32
2025-12,U03,A04,559.0,504.7,96,64,61,176358.0,34,32
2025-12,U03,A05,66.3,55.9,17,11,10,16194.0,2,1
2025-12,U03,A06,93.5,81.1,24,16,15,21662.0,3,2
2025-12,U04,A03,787.8,770.1,136,90,89,218314.0,48,47
2025-12,U04,A04,353.6,303.2,61,40,39,126674.0,21,20
2025-12,U04,A05,37.4,37.0,9,6,5,10879.0,2,1
2025-12,U04,A06,57.8,54.5,15,10,9,16865.0,2,1
2025-12,U05,A05,20.4,18.3,5,3,2,7273.0,2,1
2025-12,U05,A06,173.4,173.5,45,30,29,68428.0,7,6
2026-01,U01,A01,1128.4,983.1,195,130,123,256468.0,69,64
2026-01,U01,A03,405.6,338.9,70,46,43,131909.0,24,22
2026-01,U01,A04,494.0,414.3,85,57,54,136301.0,30,27
2026-01,U01,A05,59.5,51.9,15,10,9,21381.0,2,1
2026-01,U01,A06,83.3,67.4,22,14,13,24077.0,3,2
2026-01,U02,A02,1066.0,942.0,184,123,122,363563.0,65,64
2026-01,U02,A03,460.2,377.8,79,53,52,151552.0,28,27
2026-01,U02,A04,452.4,373.8,78,52,51,101169.0,27,25
2026-01,U02,A05,54.4,47.4,14,9,8,19029.0,2,1
2026-01,U02,A06,71.4,60.4,18,12,11,16705.0,2,1
2026-01,U03,A02,1229.8,993.2,212,141,137,388080.0,75,71
2026-01,U03,A03,572.0,475.9,99,66,64,144170.0,35,33
2026-01,U03,A04,587.6,494.8,101,67,64,127607.0,36,34
2026-01,U03,A05,66.3,63.1,17,11,10,24022.0,2,1
2026-01,U03,A06,95.2,84.5,25,16,15,33849.0,3,2
2026-01,U04,A03,787.8,793.9,136,90,89,256002.0,48,47
2026-01,U04,A04,353.6,315.9,61,40,39,84754.0,21,20
2026-01,U04,A05,37.4,35.1,9,6,5,10470.0,2,1
2026-01,U04,A06,57.8,57.1,15,10,9,22551.0,2,1
2026-01,U05,A05,20.4,18.9,5,3,2,5109.0,2,1
2026-01,U05,A06,173.4,171.0,45,30,29,59381.0,7,6
2026-02,U01,A01,1110.2,972.4,192,128,123,367878.0,68,62
2026-02,U01,A03,410.8,372.8,71,47,44,129711.0,25,23
2026-02,U01,A04,491.4,420.4,85,56,53,172675.0,30,27
2026-02,U01,A05,61.2,52.0,16,10,9,20106.0,2,1
2026-02,U01,A06,83.3,68.9,22,14,13,17597.0,3,2
2026-02,U02,A02,1032.2,860.5,178,119,118,271241.0,63,62
2026-02,U02,A03,449.8,417.6,77,51,50,158322.0,27,26
2026-02,U02,A04,449.8,441.6,77,51,50,133039.0,27,26
2026-02,U02,A05,52.7,47.5,13,9,8,13883.0,2,1
2026-02,U02,A06,73.1,61.1,19,12,11,23389.0,3,2
2026-02,U03,A02,1268.8,1158.8,219,146,138,378958.0,78,73
2026-02,U03,A03,564.2,523.9,97,65,63,194432.0,34,32
2026-02,U03,A04,561.6,492.9,97,64,60,135018.0,34,31
2026-02,U03,A05,66.3,59.0,17,11,10,20081.0,2,1
2026-02,U03,A06,91.8,76.3,24,16,15,22016.0,3,2
2026-02,U04,A03,785.2,682.1,135,90,89,253093.0,48,47
2026-02,U04,A04,348.4,311.7,60,40,39,126717.0,21,20
2026-02,U04,A05,39.1,34.8,10,6,5,12431.0,2,1
2026-02,U04,A06,57.8,52.4,15,10,9,14307.0,2,1
2026-02,U05,A05,20.4,19.9,5,3,2,8342.0,2,1
2026-02,U05,A06,166.6,144.7,44,29,28,53618.0,6,5
2026-03,U01,A01,1131.0,982.0,195,130,121,363021.0,69,65
2026-03,U01,A03,395.2,384.0,68,45,41,154200.0,24,22
2026-03,U01,A04,509.6,423.0,88,58,54,132285.0,31,29
2026-03,U01,A05,57.8,48.0,15,10,9,17688.0,2,1
2026-03,U01,A06,86.7,84.1,22,15,14,32330.0,3,2
2026-03,U02,A02,1034.8,885.0,179,119,118,239032.0,63,61
2026-03,U02,A03,455.0,454.7,78,52,51,179917.0,28,27
2026-03,U02,A04,447.2,415.4,77,51,50,141679.0,27,26
2026-03,U02,A05,51.0,45.5,13,9,8,12226.0,2,1
2026-03,U02,A06,71.4,62.8,18,12,11,23686.0,2,1
2026-03,U03,A02,1222.0,1206.3,211,141,136,327622.0,75,71
2026-03,U03,A03,569.4,474.8,98,65,62,153818.0,35,32
2026-03,U03,A04,561.6,543.2,97,64,62,154166.0,34,32
2026-03,U03,A05,64.6,60.2,17,11,10,24181.0,2,1
2026-03,U03,A06,93.5,86.7,24,16,15,23406.0,3,2
2026-03,U04,A03,793.0,818.6,137,91,90,291455.0,48,47
2026-03,U04,A04,348.4,312.3,60,40,39,104057.0,21,20
2026-03,U04,A05,37.4,33.6,9,6,5,11333.0,2,1
2026-03,U04,A06,57.8,55.5,15,10,9,19874.0,2,1
2026-03,U05,A05,20.4,18.2,5,3,2,5108.0,2,1
2026-03,U05,A06,164.9,172.9,43,29,28,71269.0,6,5
2026-04,U01,A01,1118.0,1113.8,193,129,124,383270.0,68,62
2026-04,U01,A03,410.8,408.7,71,47,45,111521.0,25,23
2026-04,U01,A04,488.8,472.7,84,56,53,176386.0,30,27
2026-04,U01,A05,61.2,54.3,16,10,9,14389.0,2,1
2026-04,U01,A06,83.3,86.2,22,14,13,33307.0,3,2
2026-04,U02,A02,1016.6,1009.0,175,117,116,365799.0,62,59
2026-04,U02,A03,455.0,467.3,78,52,51,188175.0,28,26
2026-04,U02,A04,449.8,450.0,77,51,50,164287.0,27,26
2026-04,U02,A05,51.0,50.1,13,9,8,19804.0,2,1
2026-04,U02,A06,71.4,68.0,18,12,11,17690.0,2,1
2026-04,U03,A02,1196.0,1150.0,207,138,135,410239.0,73,69
2026-04,U03,A03,548.6,573.5,94,63,59,178093.0,33,30
2026-04,U03,A04,582.4,601.2,100,67,64,198499.0,35,33
2026-04,U03,A05,66.3,61.2,17,11,10,18602.0,2,1
2026-04,U03,A06,90.1,90.5,23,15,14,34929.0,3,2
2026-04,U04,A03,793.0,788.0,137,91,90,280079.0,48,47
2026-04,U04,A04,345.8,317.2,59,39,38,107979.0,21,20
2026-04,U04,A05,39.1,37.6,10,6,5,12505.0,2,1
2026-04,U04,A06,59.5,55.5,15,10,9,17315.0,2,1
2026-04,U05,A05,20.4,20.9,5,3,2,5912.0,2,1
2026-04,U05,A06,170.0,164.0,45,30,29,66529.0,7,6
2026-05,U01,A01,1141.4,1204.5,197,131,122,361364.0,70,63
2026-05,U01,A03,405.6,406.9,70,46,42,144817.0,24,22
2026-05,U01,A04,509.6,543.4,88,58,54,212917.0,31,29
2026-05,U01,A05,59.5,63.1,15,10,9,16279.0,2,1
2026-05,U01,A06,86.7,85.8,22,15,14,30171.0,3,2
2026-05,U02,A02,1055.6,1084.4,182,121,120,294200.0,64,63
2026-05,U02,A03,444.6,435.3,76,51,50,151860.0,27,26
2026-05,U02,A04,468.0,436.4,81,54,53,174433.0,28,27
2026-05,U02,A05,52.7,57.5,13,9,8,14938.0,2,1
2026-05,U02,A06,71.4,65.9,18,12,11,18416.0,2,1
2026-05,U03,A02,1227.2,1201.8,212,141,135,459031.0,75,72
2026-05,U03,A03,546.0,523.4,94,63,60,149021.0,33,31
2026-05,U03,A04,553.8,541.3,95,63,61,177558.0,34,32
2026-05,U03,A05,64.6,70.0,17,11,10,27995.0,2,1
2026-05,U03,A06,88.4,95.7,23,15,14,25346.0,3,2
2026-05,U04,A03,798.2,780.5,138,92,91,319005.0,49,47
2026-05,U04,A04,358.8,350.6,62,41,40,120166.0,22,21
2026-05,U04,A05,39.1,40.8,10,6,5,12976.0,2,1
2026-05,U04,A06,56.1,56.5,14,9,8,19883.0,2,1
2026-05,U05,A05,20.4,19.7,5,3,2,7833.0,2,1
2026-05,U05,A06,173.4,181.4,45,30,29,51358.0,7,6
2026-06,U01,A01,1154.4,1281.8,199,133,127,379476.0,71,67
2026-06,U01,A03,410.8,437.9,71,47,44,141968.0,25,23
2026-06,U01,A04,501.8,561.1,86,57,54,175102.0,30,27
2026-06,U01,A05,57.8,56.3,15,10,9,14447.0,2,1
2026-06,U01,A06,85.0,94.0,22,15,14,35054.0,3,2
2026-06,U02,A02,1047.8,975.2,181,120,119,297476.0,64,61
2026-06,U02,A03,447.2,501.7,77,51,50,190019.0,27,26
2026-06,U02,A04,462.8,433.0,80,53,52,169477.0,28,26
2026-06,U02,A05,54.4,60.9,14,9,8,25055.0,2,1
2026-06,U02,A06,69.7,74.4,18,12,11,25403.0,2,1
2026-06,U03,A02,1222.0,1141.7,211,141,134,414740.0,75,69
2026-06,U03,A03,551.2,617.3,95,63,62,257726.0,33,31
2026-06,U03,A04,564.2,593.4,97,65,62,246055.0,34,31
2026-06,U03,A05,66.3,73.1,17,11,10,27736.0,2,1
2026-06,U03,A06,91.8,90.7,24,16,15,35671.0,3,2
2026-06,U04,A03,798.2,796.5,138,92,91,230148.0,49,48
2026-06,U04,A04,348.4,357.5,60,40,39,125788.0,21,20
2026-06,U04,A05,39.1,42.1,10,6,5,11913.0,2,1
2026-06,U04,A06,56.1,59.6,14,9,8,24715.0,2,1
2026-06,U05,A05,20.4,20.8,5,3,2,7887.0,2,1
2026-06,U05,A06,166.6,176.1,44,29,28,49055.0,6,5
2026-07,U01,A01,1154.4,1208.2,199,133,126,310193.0,71,64
2026-07,U01,A03,410.8,388.0,71,47,44,104478.0,25,23
2026-07,U01,A04,491.4,472.2,85,56,52,144905.0,30,27
2026-07,U01,A05,61.2,68.4,16,10,9,28422.0,2,1
2026-07,U01,A06,85.0,88.8,22,15,14,31748.0,3,2
2026-07,U02,A02,1045.2,1014.7,180,120,118,311374.0,64,61
2026-07,U02,A03,460.2,469.7,79,53,51,131338.0,28,26
2026-07,U02,A04,470.6,455.6,81,54,53,173166.0,28,26
2026-07,U02,A05,52.7,55.8,13,9,8,17024.0,2,1
2026-07,U02,A06,73.1,69.3,19,12,11,25945.0,3,2
2026-07,U03,A02,1261.0,1341.4,218,145,141,395620.0,77,72
2026-07,U03,A03,561.6,517.2,97,64,61,149332.0,34,32
2026-07,U03,A04,579.8,595.4,100,66,64,157827.0,35,32
2026-07,U03,A05,68.0,67.5,18,12,11,20425.0,2,1
2026-07,U03,A06,90.1,86.0,23,15,14,34771.0,3,2
2026-07,U04,A03,816.4,829.8,141,94,93,293416.0,50,49
2026-07,U04,A04,361.4,391.3,62,41,40,127463.0,22,21
2026-07,U04,A05,39.1,37.5,10,6,5,11799.0,2,1
2026-07,U04,A06,59.5,66.5,15,10,9,24337.0,2,1
2026-07,U05,A05,20.4,22.3,5,3,2,7780.0,2,1
2026-07,U05,A06,171.7,170.7,45,30,29,45389.0,7,6
